-- RunStrict: Local SQLite Test Data
-- Schema version: 8
-- Usage: Import into run_strict.db for testing
-- Location: Apple Park area (37.3349, -122.0090)

-- ============================================================
-- RUNS TABLE (10 days of running data)
-- ============================================================

INSERT OR REPLACE INTO runs (id, startTime, endTime, distanceKm, durationSeconds, avgPaceSecPerKm, hexesColored, teamAtRun, isPurpleRunner, cv) VALUES
('run_001', 1738281600000, 1738285200000, 5.23, 1800, 344, 12, 'red', 0, 8.5),
('run_002', 1738368000000, 1738372800000, 7.85, 2880, 367, 18, 'red', 0, 6.2),
('run_003', 1738454400000, 1738458000000, 4.12, 1500, 364, 9, 'red', 0, 12.1),
('run_004', 1738540800000, 1738545600000, 10.05, 3600, 358, 24, 'red', 0, 5.8),
('run_005', 1738627200000, 1738630800000, 3.50, 1260, 360, 8, 'red', 0, 15.3),
('run_006', 1738713600000, 1738718400000, 8.42, 3000, 356, 20, 'red', 0, 7.1),
('run_007', 1738800000000, 1738803600000, 6.18, 2220, 359, 14, 'red', 0, 9.4),
('run_008', 1738886400000, 1738891200000, 12.33, 4500, 365, 29, 'red', 0, 4.2),
('run_009', 1738972800000, 1738975200000, 2.85, 1020, 358, 6, 'red', 0, 18.7),
('run_010', 1739059200000, 1739064000000, 9.71, 3480, 358, 23, 'red', 0, 5.5);

-- ============================================================
-- ROUTES TABLE (sample route points for run_001)
-- ============================================================

INSERT OR REPLACE INTO routes (runId, lat, lng, timestampMs) VALUES
('run_001', 37.3349, -122.0090, 1738281600000),
('run_001', 37.3352, -122.0085, 1738281660000),
('run_001', 37.3358, -122.0078, 1738281720000),
('run_001', 37.3365, -122.0070, 1738281780000),
('run_001', 37.3372, -122.0062, 1738281840000),
('run_001', 37.3378, -122.0055, 1738281900000),
('run_001', 37.3385, -122.0048, 1738281960000),
('run_001', 37.3390, -122.0042, 1738282020000),
('run_001', 37.3395, -122.0035, 1738282080000),
('run_001', 37.3400, -122.0028, 1738282140000),
('run_001', 37.3405, -122.0022, 1738282200000),
('run_001', 37.3410, -122.0015, 1738282260000),
('run_001', 37.3415, -122.0010, 1738282320000),
('run_001', 37.3420, -122.0005, 1738282380000),
('run_001', 37.3425, -122.0000, 1738282440000),
('run_001', 37.3428, -121.9995, 1738282500000),
('run_001', 37.3430, -121.9990, 1738282560000),
('run_001', 37.3432, -121.9985, 1738282620000),
('run_001', 37.3430, -121.9980, 1738282680000),
('run_001', 37.3425, -121.9975, 1738282740000),
('run_001', 37.3420, -121.9980, 1738282800000),
('run_001', 37.3415, -121.9985, 1738282860000),
('run_001', 37.3410, -121.9990, 1738282920000),
('run_001', 37.3405, -121.9995, 1738282980000),
('run_001', 37.3400, -122.0000, 1738283040000),
('run_001', 37.3395, -122.0010, 1738283100000),
('run_001', 37.3390, -122.0020, 1738283160000),
('run_001', 37.3385, -122.0030, 1738283220000),
('run_001', 37.3378, -122.0042, 1738283280000),
('run_001', 37.3370, -122.0055, 1738283340000),
('run_001', 37.3362, -122.0068, 1738283400000),
('run_001', 37.3355, -122.0080, 1738283460000),
('run_001', 37.3349, -122.0090, 1738283520000);

-- ============================================================
-- LAPS TABLE (per-km lap data for run_001)
-- ============================================================

INSERT OR REPLACE INTO laps (runId, lapNumber, distanceMeters, durationSeconds, startTimestampMs, endTimestampMs) VALUES
('run_001', 1, 1000.0, 340.5, 1738281600000, 1738281940500),
('run_001', 2, 1000.0, 348.2, 1738281940500, 1738282288700),
('run_001', 3, 1000.0, 342.8, 1738282288700, 1738282631500),
('run_001', 4, 1000.0, 346.1, 1738282631500, 1738282977600),
('run_001', 5, 1000.0, 351.4, 1738282977600, 1738283329000),
('run_002', 1, 1000.0, 365.0, 1738368000000, 1738368365000),
('run_002', 2, 1000.0, 370.2, 1738368365000, 1738368735200),
('run_002', 3, 1000.0, 362.5, 1738368735200, 1738369097700),
('run_002', 4, 1000.0, 368.8, 1738369097700, 1738369466500),
('run_002', 5, 1000.0, 371.0, 1738369466500, 1738369837500),
('run_002', 6, 1000.0, 365.5, 1738369837500, 1738370203000),
('run_002', 7, 1000.0, 377.0, 1738370203000, 1738370580000),
('run_004', 1, 1000.0, 355.0, 1738540800000, 1738541155000),
('run_004', 2, 1000.0, 358.2, 1738541155000, 1738541513200),
('run_004', 3, 1000.0, 360.5, 1738541513200, 1738541873700),
('run_004', 4, 1000.0, 356.8, 1738541873700, 1738542230500),
('run_004', 5, 1000.0, 359.1, 1738542230500, 1738542589600),
('run_004', 6, 1000.0, 361.4, 1738542589600, 1738542951000),
('run_004', 7, 1000.0, 357.2, 1738542951000, 1738543308200),
('run_004', 8, 1000.0, 355.8, 1738543308200, 1738543664000),
('run_004', 9, 1000.0, 362.0, 1738543664000, 1738544026000),
('run_004', 10, 1000.0, 354.0, 1738544026000, 1738544380000);

-- ============================================================
-- HEX_CACHE TABLE (sample hex colors around Apple Park)
-- ============================================================

INSERT OR REPLACE INTO hex_cache (hex_id, last_runner_team, last_updated) VALUES
('89283082803ffff', 'red', 1739064000000),
('89283082807ffff', 'red', 1739064000000),
('8928308280bffff', 'blue', 1739050000000),
('8928308280fffff', 'red', 1739064000000),
('89283082813ffff', 'blue', 1739050000000),
('89283082817ffff', 'red', 1739064000000),
('8928308281bffff', 'purple', 1739040000000),
('8928308281fffff', 'red', 1739064000000),
('89283082823ffff', 'blue', 1739050000000),
('89283082827ffff', 'red', 1739064000000),
('8928308282bffff', 'red', 1739064000000),
('8928308282fffff', 'blue', 1739050000000),
('89283082833ffff', 'red', 1739064000000),
('89283082837ffff', 'purple', 1739040000000),
('8928308283bffff', 'red', 1739064000000),
('8928308283fffff', 'blue', 1739050000000),
('89283082843ffff', 'red', 1739064000000),
('89283082847ffff', 'red', 1739064000000),
('8928308284bffff', 'blue', 1739050000000),
('8928308284fffff', 'red', 1739064000000);

-- ============================================================
-- PREFETCH_META TABLE
-- ============================================================

INSERT OR REPLACE INTO prefetch_meta (key, value, updated_at) VALUES
('home_hex', '89283082803ffff', 1739064000000),
('last_sync', '2025-02-09T00:00:00Z', 1739059200000),
('season_start', '2025-01-01', 1735689600000);

-- ============================================================
-- LEADERBOARD_CACHE TABLE (top 10 users)
-- ============================================================

INSERT OR REPLACE INTO leaderboard_cache (user_id, name, avatar, team, flip_points, total_distance_km, stability_score, home_hex) VALUES
('user_current', 'TestRunner', '🏃', 'red', 163, 70.24, 85, '89283082803ffff'),
('user_002', 'SpeedKing', '🦊', 'red', 2847, 154.2, 92, '89283082807ffff'),
('user_003', 'AquaDash', '🐬', 'blue', 2654, 148.5, 88, '89283082813ffff'),
('user_004', 'CrimsonBlur', '🔥', 'red', 2412, 142.8, 85, '89283082823ffff'),
('user_005', 'WaveRider', '🌊', 'blue', 2198, 135.0, 78, '89283082833ffff'),
('user_006', 'ChaosAgent', '💀', 'purple', 2156, 68.2, 45, '89283082843ffff'),
('user_007', 'NightOwl', '🦉', 'red', 1987, 128.4, 82, '89283082853ffff'),
('user_008', 'StormChaser', '⚡', 'blue', 1845, 122.1, 75, '89283082863ffff'),
('user_009', 'VoidWalker', '🌀', 'purple', 1756, 44.5, 38, '89283082873ffff'),
('user_010', 'BlazeRunner', '🌟', 'red', 1634, 115.7, 70, '89283082883ffff');
